                  epoch,         train/box_loss,         train/cls_loss,         train/dfl_loss,   metrics/precision(B),      metrics/recall(B),       metrics/mAP50(B),    metrics/mAP50-95(B),           val/box_loss,           val/cls_loss,           val/dfl_loss,                 lr/pg0,                 lr/pg1,                 lr/pg2
                      1,                0.92854,                 5.4524,                 1.0973,                0.00099,                0.21875,                0.07913,                 0.0554,                0.81511,                 4.3766,                0.89087,                0.00015,                0.00015,                0.00015
                      2,                0.89183,                 4.4382,                0.98686,                0.00075,                0.21875,                0.10223,                0.08876,                0.68733,                 4.1822,                0.86285,             0.00031173,             0.00031173,             0.00031173
                      3,                 0.8765,                 4.0522,                0.91918,                0.00084,                0.21875,                0.10989,                0.09233,                 0.8748,                 4.1083,                0.89217,             0.00047265,             0.00047265,             0.00047265
                      4,                0.93296,                 3.2321,                0.96709,                0.00085,                0.21875,                0.09375,                 0.0861,                0.80204,                 3.9818,                0.87318,             0.00063277,             0.00063277,             0.00063277
                      5,                 0.9767,                 3.0687,                 1.0274,                   0.75,                0.05507,                0.15473,                0.12573,                0.84679,                 3.7969,                0.94327,             0.00079208,             0.00079208,             0.00079208
                      6,                 1.0629,                 2.9983,                 1.0364,                0.34412,                0.14217,                0.23096,                0.15053,                0.95924,                 3.4263,                0.96325,             0.00095059,             0.00095059,             0.00095059
                      7,                 0.8811,                   2.67,                0.99471,                 0.6051,                0.14164,                0.42512,                0.28731,                0.84143,                 5.6641,                0.93633,              0.0011083,              0.0011083,              0.0011083
                      8,                0.97123,                 2.7968,                 1.0062,                0.53524,                0.54167,                0.53823,                0.35979,                0.99694,                 2.8258,                0.96218,              0.0012283,              0.0012283,              0.0012283
                      9,                 0.9465,                 2.6324,                  1.031,                0.51606,                0.65625,                0.61598,                0.43317,                0.88095,                 3.5747,                 0.9894,              0.0012252,              0.0012252,              0.0012252
                     10,                0.92981,                 2.5163,                0.99381,                0.48892,                0.70833,                0.48426,                0.28048,                 1.1041,                 4.7228,                 1.1184,              0.0012222,              0.0012222,              0.0012222
                     11,                 1.0295,                 2.4943,                 1.0704,                0.46515,                0.65702,                0.44646,                0.29328,                 1.2022,                 6.0986,                 1.2007,              0.0012191,              0.0012191,              0.0012191
                     12,                 1.0063,                 2.1418,                 1.0339,                0.52225,                0.72305,                0.49615,                0.33866,                 0.9002,                 3.3638,                0.96049,               0.001216,               0.001216,               0.001216
                     13,                 0.9362,                 1.8919,                0.99104,                0.66938,                0.67444,                0.64611,                0.42728,                 1.0625,                 2.8077,                0.97863,              0.0012129,              0.0012129,              0.0012129
                     14,                 1.0159,                 2.0888,                 1.0017,                0.59201,                0.69816,                0.61688,                0.40527,                 0.9272,                 2.1766,                0.98226,              0.0012098,              0.0012098,              0.0012098
                     15,                0.86072,                 1.6665,                 1.0161,                0.47438,                0.67532,                0.65088,                0.42717,                0.99386,                 3.4185,                 1.0271,              0.0012067,              0.0012067,              0.0012067
                     16,                0.85793,                 1.6258,                0.98834,                0.69118,                0.76419,                0.76308,                0.51881,                0.81838,                 2.8734,                0.94532,              0.0012036,              0.0012036,              0.0012036
                     17,                0.86674,                 1.4856,                0.98099,                0.77677,                0.78709,                0.75088,                0.49291,                0.99781,                 2.7819,                 1.0091,              0.0012005,              0.0012005,              0.0012005
                     18,                0.86532,                 1.7018,                0.98229,                0.85953,                 0.8236,                0.81947,                0.54278,                0.80145,                 1.5902,                0.95054,              0.0011974,              0.0011974,              0.0011974
                     19,                0.82311,                 1.4219,                0.93853,                0.92818,                0.81624,                0.86223,                0.56236,                0.80619,                 1.3864,                0.90394,              0.0011943,              0.0011943,              0.0011943
                     20,                0.87681,                 1.4423,                 0.9763,                0.90268,                0.71792,                0.84867,                0.52683,                0.82078,                 1.8682,                0.91747,              0.0011912,              0.0011912,              0.0011912
                     21,                0.83561,                 1.2442,                 0.9206,                0.86252,                  0.875,                0.83105,                0.52284,                0.75566,                 1.7577,                0.89885,              0.0011881,              0.0011881,              0.0011881
                     22,                0.79218,                 1.2135,                0.93877,                0.87762,                0.70458,                 0.7632,                0.51538,                0.80745,                 1.6095,                0.91102,               0.001185,               0.001185,               0.001185
                     23,                0.84012,                 1.1421,                0.96226,                0.78305,                   0.75,                0.73333,                0.53434,                0.73674,                 1.3526,                0.90897,              0.0011819,              0.0011819,              0.0011819
                     24,                0.80668,                 1.0826,                0.91767,                 0.9345,                 0.8622,                  0.867,                 0.5688,                0.80381,                 1.0855,                0.91861,              0.0011788,              0.0011788,              0.0011788
                     25,                 0.7473,                  1.054,                0.93152,                0.90103,                0.85429,                0.86391,                0.61475,                0.79643,                 1.2216,                 0.9391,              0.0011757,              0.0011757,              0.0011757
                     26,                0.75252,                 1.0943,                0.92036,                0.90313,                0.85158,                0.87098,                 0.6172,                0.77376,                 1.1816,                0.92744,              0.0011727,              0.0011727,              0.0011727
                     27,                0.74618,                  0.994,                0.92286,                0.84083,                0.82834,                0.87207,                0.61957,                0.72506,                 1.5961,                0.95154,              0.0011696,              0.0011696,              0.0011696
                     28,                0.74016,                 1.0176,                0.92674,                0.90933,                0.68044,                0.79526,                  0.639,                0.66521,                 1.5425,                 0.9548,              0.0011665,              0.0011665,              0.0011665
                     29,                0.75668,                0.97277,                0.96889,                0.86127,                0.86596,                0.85651,                0.59797,                0.72202,                 1.3221,                0.93952,              0.0011634,              0.0011634,              0.0011634
                     30,                0.70342,                0.86887,                0.90864,                0.91873,                0.77638,                0.87035,                0.59683,                0.76366,                  1.615,                0.93945,              0.0011603,              0.0011603,              0.0011603
                     31,                0.77717,                0.85986,                0.90878,                0.88876,                0.86588,                0.86707,                0.60008,                0.70489,                 1.3103,                0.90223,              0.0011572,              0.0011572,              0.0011572
                     32,                0.75675,                0.86198,                0.91822,                0.89391,                0.86383,                0.87058,                0.59882,                0.76371,                  1.217,                 0.9004,              0.0011541,              0.0011541,              0.0011541
                     33,                0.76497,                0.82268,                0.93778,                0.83702,                0.87323,                0.85401,                 0.5934,                0.65844,                 1.2802,                0.89709,               0.001151,               0.001151,               0.001151
                     34,                0.73997,                0.79527,                 0.9005,                0.91989,                0.81863,                0.82895,                0.57662,                 0.6627,                 1.2385,                0.87279,              0.0011479,              0.0011479,              0.0011479
                     35,                 0.6981,                0.76257,                0.87317,                0.84118,                0.86442,                0.81085,                0.59448,                0.69537,                 1.2801,                0.87154,              0.0011448,              0.0011448,              0.0011448
                     36,                0.69325,                0.80539,                0.88791,                0.88187,                0.86837,                0.84208,                0.58435,                0.65723,                 1.3599,                0.87929,              0.0011417,              0.0011417,              0.0011417
                     37,                0.68537,                0.81307,                0.90711,                0.88836,                  0.875,                0.83631,                0.57623,                  0.667,                 1.4744,                 0.8767,              0.0011386,              0.0011386,              0.0011386
                     38,                0.75967,                0.76843,                0.93488,                0.85189,                0.87386,                0.83084,                0.54479,                0.74715,                 1.4523,                0.90439,              0.0011355,              0.0011355,              0.0011355
                     39,                0.71423,                 0.7453,                0.92605,                0.89064,                0.86954,                0.84252,                0.58987,                0.67495,                  1.275,                0.89763,              0.0011324,              0.0011324,              0.0011324
                     40,                0.71469,                0.74082,                0.92454,                0.89037,                  0.875,                0.83683,                0.62982,                0.65932,                 1.3822,                0.89733,              0.0011293,              0.0011293,              0.0011293
                     41,                0.69829,                0.68114,                0.89035,                0.88437,                  0.875,                0.81036,                0.60099,                0.75011,                 1.5671,                0.89961,              0.0011263,              0.0011263,              0.0011263
                     42,                0.68951,                 0.7214,                0.91886,                0.86128,                0.86861,                 0.8719,                0.67227,                0.62559,                 1.3509,                 0.8927,              0.0011232,              0.0011232,              0.0011232
                     43,                0.72303,                0.75815,                0.90486,                 0.9211,                 0.8611,                0.87216,                0.62082,                0.71682,                 1.2575,                0.89971,              0.0011201,              0.0011201,              0.0011201
                     44,                0.67144,                0.65615,                0.89792,                0.83932,                0.86579,                0.87105,                  0.616,                0.65412,                 1.2691,                0.88367,               0.001117,               0.001117,               0.001117
                     45,                0.66902,                0.66044,                0.90618,                 0.7851,                 0.8575,                0.86053,                0.62416,                0.66986,                 1.2132,                0.89151,              0.0011139,              0.0011139,              0.0011139
                     46,                 0.7515,                 0.6713,                 0.9204,                0.86835,                0.86813,                0.85312,                0.62974,                0.62431,                 1.3063,                0.87948,              0.0011108,              0.0011108,              0.0011108
                     47,                0.67244,                0.62575,                0.88161,                0.88582,                  0.875,                0.85372,                0.62546,                0.67961,                 1.3619,                0.88167,              0.0011077,              0.0011077,              0.0011077
                     48,                0.67917,                0.66149,                0.88911,                0.85571,                  0.875,                0.86839,                0.60412,                0.74345,                 1.3287,                0.90799,              0.0011046,              0.0011046,              0.0011046
                     49,                0.71008,                0.62134,                0.89929,                0.86383,                0.86465,                0.86163,                0.61112,                0.69457,                 1.3435,                0.89142,              0.0011015,              0.0011015,              0.0011015
                     50,                0.64791,                0.62389,                0.88029,                0.91363,                0.86124,                0.85632,                0.61403,                0.69964,                 1.3663,                0.87592,              0.0010984,              0.0010984,              0.0010984
                     51,                0.69101,                 0.5958,                0.90334,                0.79492,                0.85443,                0.80126,                0.58483,                0.73122,                 1.2779,                0.87663,              0.0010953,              0.0010953,              0.0010953
                     52,                0.66736,                0.58481,                0.91812,                0.92292,                0.87459,                0.83208,                0.63971,                0.78686,                  1.275,                0.93932,              0.0010922,              0.0010922,              0.0010922
                     53,                0.66543,                0.59587,                0.88616,                0.91437,                0.86863,                0.85416,                0.61045,                0.80719,                  1.324,                0.93881,              0.0010891,              0.0010891,              0.0010891
                     54,                0.64306,                 0.5615,                0.90065,                0.91414,                 0.8677,                0.87152,                0.58526,                0.76021,                 1.2655,                0.94411,               0.001086,               0.001086,               0.001086
                     55,                0.66655,                0.59435,                0.90059,                0.92042,                 0.8649,                0.87134,                0.59835,                0.86251,                 1.2132,                0.93173,              0.0010829,              0.0010829,              0.0010829
                     56,                0.72939,                0.61615,                0.93795,                0.86273,                0.86888,                0.86125,                0.57655,                0.71438,                 1.1702,                  0.886,              0.0010798,              0.0010798,              0.0010798
                     57,                0.65955,                 0.5656,                0.90208,                0.88628,                0.87221,                0.83017,                0.61288,                0.72702,                 1.3574,                0.89456,              0.0010768,              0.0010768,              0.0010768
                     58,                0.66445,                0.57039,                0.87582,                0.90818,                  0.875,                0.83003,                0.62762,                0.71711,                  1.233,                0.88844,              0.0010737,              0.0010737,              0.0010737
                     59,                 0.6627,                0.52879,                0.88806,                0.93062,                0.82312,                 0.8652,                0.58631,                0.76331,                 1.3023,                0.90563,              0.0010706,              0.0010706,              0.0010706
                     60,                0.70215,                0.60049,                0.91145,                0.83643,                0.81642,                0.86512,                0.59866,                0.72503,                 1.3417,                0.89738,              0.0010675,              0.0010675,              0.0010675
                     61,                0.63158,                0.55738,                0.89428,                0.92395,                0.84025,                0.87154,                0.60868,                0.63303,                 1.3438,                0.87668,              0.0010644,              0.0010644,              0.0010644
                     62,                0.65025,                 0.5541,                0.91297,                0.97448,                 0.8526,                0.87196,                0.63894,                0.67094,                 1.2992,                0.87884,              0.0010613,              0.0010613,              0.0010613
                     63,                0.60674,                0.53841,                0.90077,                0.84925,                 0.8629,                0.86807,                0.62844,                0.70162,                 1.2833,                0.87456,              0.0010582,              0.0010582,              0.0010582
                     64,                0.61344,                0.51065,                0.88076,                0.86569,                  0.875,                0.86766,                0.60573,                0.70572,                 1.3349,                0.89205,              0.0010551,              0.0010551,              0.0010551
                     65,                0.67336,                0.52129,                0.89597,                0.92373,                0.87349,                0.85743,                0.60774,                0.71748,                 1.3013,                0.89067,               0.001052,               0.001052,               0.001052
                     66,                0.60153,                0.50627,                0.88416,                0.88994,                0.86882,                0.85405,                 0.6429,                0.65725,                 1.2402,                0.89207,              0.0010489,              0.0010489,              0.0010489
                     67,                0.62635,                0.51194,                0.92429,                0.91859,                0.87097,                0.86111,                0.66271,                0.62189,                  1.198,                0.88667,              0.0010458,              0.0010458,              0.0010458
                     68,                0.64377,                0.51597,                0.88605,                 0.9257,                  0.875,                0.86537,                 0.6838,                0.63327,                 1.1687,                0.87235,              0.0010427,              0.0010427,              0.0010427
                     69,                0.60401,                0.50474,                0.87337,                0.86731,                0.87482,                0.87206,                0.65206,                0.63575,                  1.186,                0.88884,              0.0010396,              0.0010396,              0.0010396
                     70,                0.54959,                0.50257,                0.87502,                0.91975,                0.86678,                0.85463,                0.61421,                0.59471,                 1.1945,                0.87888,              0.0010365,              0.0010365,              0.0010365
                     71,                0.59673,                0.50107,                0.87161,                0.90896,                0.86112,                0.85938,                0.63527,                0.60535,                 1.1591,                0.87084,              0.0010334,              0.0010334,              0.0010334
                     72,                0.58388,                0.46593,                0.86928,                0.87991,                 0.8592,                 0.8666,                0.60047,                0.66609,                 1.2068,                0.87244,              0.0010303,              0.0010303,              0.0010303
                     73,                0.59199,                0.47523,                0.89302,                 0.8909,                0.85574,                 0.8091,                0.59554,                0.66081,                 1.3648,                0.86806,              0.0010273,              0.0010273,              0.0010273
                     74,                0.61693,                0.47404,                0.88485,                0.89039,                0.87332,                0.81722,                0.59356,                0.67894,                  1.343,                0.88241,              0.0010242,              0.0010242,              0.0010242
                     75,                 0.5899,                0.46626,                0.87829,                0.88129,                0.87079,                0.80949,                0.61094,                0.64021,                 1.3928,                0.89341,              0.0010211,              0.0010211,              0.0010211
                     76,                0.54826,                0.44272,                0.87374,                0.90909,                  0.875,                0.81005,                0.61054,                0.69337,                 1.3883,                0.92037,               0.001018,               0.001018,               0.001018
                     77,                0.59672,                 0.4584,                0.88375,                0.86242,                0.84592,                0.82131,                0.60402,                0.72102,                 1.2993,                0.91078,              0.0010149,              0.0010149,              0.0010149
                     78,                0.55261,                0.46173,                0.85179,                0.90799,                0.84403,                0.82006,                0.60025,                0.65182,                 1.3805,                0.89212,              0.0010118,              0.0010118,              0.0010118
                     79,                 0.6086,                0.52413,                0.90902,                0.94486,                0.84485,                0.87043,                0.61951,                0.62235,                 1.6002,                0.88359,              0.0010087,              0.0010087,              0.0010087
                     80,                0.58987,                0.45341,                0.84889,                0.91964,                 0.8423,                0.87049,                0.65395,                0.61034,                 1.5097,                0.87595,              0.0010056,              0.0010056,              0.0010056
                     81,                0.57165,                0.48616,                0.89197,                0.95217,                0.83333,                0.86513,                0.63032,                0.63191,                  1.173,                0.85456,              0.0010025,              0.0010025,              0.0010025
                     82,                0.55872,                0.44362,                0.87519,                0.89269,                0.84217,                 0.8098,                0.64367,                0.60101,                 1.4402,                0.87721,             0.00099941,             0.00099941,             0.00099941
                     83,                0.59863,                0.47833,                0.88796,                 0.8623,                  0.868,                0.81001,                0.64225,                0.66203,                 1.3541,                0.88418,             0.00099631,             0.00099631,             0.00099631
                     84,                0.60092,                0.42928,                0.86855,                 0.8964,                0.87324,                0.82006,                0.63296,                0.68901,                 1.3035,                0.88968,             0.00099322,             0.00099322,             0.00099322
                     85,                0.50195,                0.41055,                0.86319,                0.90756,                0.83669,                0.80961,                0.59276,                0.66927,                 1.4327,                0.89062,             0.00099013,             0.00099013,             0.00099013
                     86,                0.54036,                0.43883,                0.86881,                0.73109,                0.82682,                0.76776,                0.55198,                0.67247,                 1.4723,                 0.8826,             0.00098703,             0.00098703,             0.00098703
                     87,                0.52986,                0.40838,                0.83784,                0.86195,                0.87147,                0.80939,                0.58868,                0.65739,                 1.4714,                0.87876,             0.00098394,             0.00098394,             0.00098394
                     88,                0.57037,                0.43587,                0.88865,                0.89269,                0.87151,                0.80994,                0.58734,                 0.6605,                  1.446,                0.88764,             0.00098084,             0.00098084,             0.00098084
                     89,                0.52945,                0.41933,                0.86283,                0.86781,                0.86815,                0.80939,                0.62579,                 0.6633,                 1.5103,                0.87805,             0.00097775,             0.00097775,             0.00097775
                     90,                0.50625,                0.38801,                0.87248,                0.83205,                0.85119,                0.81928,                0.63994,                0.56852,                 1.3725,                0.86761,             0.00097466,             0.00097466,             0.00097466
                     91,                0.55968,                0.41905,                0.86866,                0.90397,                0.81792,                0.87095,                0.66934,                0.59563,                 1.2098,                0.85411,             0.00097156,             0.00097156,             0.00097156
                     92,                0.58421,                0.42205,                0.87293,                0.85683,                0.86344,                0.86517,                0.64747,                 0.6829,                 1.4385,                0.89385,             0.00096847,             0.00096847,             0.00096847
                     93,                0.57937,                0.44588,                0.89107,                0.89416,                0.87263,                0.84021,                0.61962,                0.72337,                 1.3421,                0.90794,             0.00096537,             0.00096537,             0.00096537
                     94,                0.54046,                0.42655,                0.87163,                0.87961,                 0.8699,                0.80903,                0.62234,                0.68523,                 1.3018,                0.89507,             0.00096228,             0.00096228,             0.00096228
                     95,                0.60272,                0.46079,                0.90375,                0.86575,                0.86621,                0.83591,                0.63437,                0.62948,                 1.2193,                0.87251,             0.00095919,             0.00095919,             0.00095919
                     96,                0.55245,                0.41766,                0.89064,                0.86747,                0.86694,                0.87163,                0.70353,                0.59405,                 1.2437,                0.87517,             0.00095609,             0.00095609,             0.00095609
                     97,                0.56388,                0.42703,                0.84355,                0.96848,                0.80226,                0.87224,                0.69053,                0.67301,                 1.2432,                0.88422,               0.000953,               0.000953,               0.000953
                     98,                 0.5176,                0.40817,                0.86278,                  0.911,                0.86477,                0.86706,                0.65937,                0.67034,                 1.3207,                0.88098,             0.00094991,             0.00094991,             0.00094991
                     99,                0.53488,                0.42271,                0.86136,                0.89824,                  0.875,                0.86398,                0.66823,                0.65901,                 1.2942,                0.87445,             0.00094681,             0.00094681,             0.00094681
                    100,                0.56366,                0.44785,                0.87858,                0.85148,                0.86929,                0.81941,                 0.6556,                 0.7006,                 1.4588,                0.87769,             0.00094372,             0.00094372,             0.00094372
                    101,                0.59358,                0.47769,                0.89412,                0.94572,                0.83571,                0.87137,                0.67917,                0.64745,                 1.3217,                0.86164,             0.00094062,             0.00094062,             0.00094062
                    102,                0.58083,                0.44134,                 0.8781,                0.95231,                  0.875,                0.87082,                0.70318,                0.65677,                 1.2455,                0.87509,             0.00093753,             0.00093753,             0.00093753
                    103,                 0.5467,                 0.4313,                0.86607,                0.90601,                0.85659,                0.87066,                0.70479,                0.74835,                 1.1692,                0.91415,             0.00093444,             0.00093444,             0.00093444
                    104,                0.55461,                0.42427,                0.88035,                0.94635,                  0.875,                0.87067,                0.68258,                  0.754,                 1.0297,                0.93671,             0.00093134,             0.00093134,             0.00093134
                    105,                0.53232,                 0.4132,                0.88177,                0.96131,                  0.875,                  0.871,                0.66625,                0.64218,                 1.1711,                0.92211,             0.00092825,             0.00092825,             0.00092825
                    106,                0.53556,                0.42118,                 0.8727,                0.92497,                0.87108,                0.87206,                0.68365,                0.61576,                  1.222,                0.88081,             0.00092516,             0.00092516,             0.00092516
                    107,                0.49183,                0.40096,                0.86411,                0.87084,                0.86853,                0.81047,                 0.6334,                0.63416,                  1.498,                0.87149,             0.00092206,             0.00092206,             0.00092206
                    108,                0.49496,                0.39146,                0.88369,                0.88871,                0.87276,                 0.8118,                0.63493,                0.67525,                 1.4571,                0.87831,             0.00091897,             0.00091897,             0.00091897
                    109,                  0.506,                0.39742,                0.85207,                0.89956,                  0.875,                 0.8118,                0.65358,                0.61385,                 1.3186,                0.85198,             0.00091588,             0.00091588,             0.00091588
                    110,                0.50986,                0.38739,                0.86267,                0.90033,                  0.875,                0.81135,                0.66014,                0.55502,                  1.285,                0.84415,             0.00091278,             0.00091278,             0.00091278
                    111,                0.48256,                0.37549,                0.83712,                0.95836,                0.86594,                 0.8729,                0.69025,                0.55323,                 1.2201,                0.85708,             0.00090969,             0.00090969,             0.00090969
                    112,                0.54698,                0.42543,                0.88249,                0.91953,                0.86644,                0.86725,                0.68226,                0.60952,                 1.0825,                0.87165,             0.00090659,             0.00090659,             0.00090659
                    113,                0.51941,                0.40364,                0.85629,                 0.9601,                0.87043,                0.87236,                0.67284,                0.55153,                  1.135,                0.83959,              0.0009035,              0.0009035,              0.0009035
                    114,                 0.4953,                0.37442,                0.87716,                0.95869,                  0.875,                0.87232,                0.67355,                0.55198,                 1.2916,                0.84426,             0.00090041,             0.00090041,             0.00090041
                    115,                 0.5516,                 0.4168,                0.84997,                0.96538,                  0.875,                0.87327,                0.67679,                0.58808,                 1.2729,                0.86556,             0.00089731,             0.00089731,             0.00089731
                    116,                0.51268,                0.39857,                0.86187,                0.96241,                  0.875,                0.87637,                0.67525,                0.64188,                 1.2171,                0.85015,             0.00089422,             0.00089422,             0.00089422
                    117,                0.46192,                0.37972,                0.84111,                 0.9476,                  0.875,                0.88062,                 0.6811,                0.60922,                 1.2514,                0.83918,             0.00089112,             0.00089112,             0.00089112
                    118,                0.49122,                0.36728,                0.88003,                0.96214,                0.87229,                0.87637,                0.67386,                 0.6239,                 1.1475,                0.84678,             0.00088803,             0.00088803,             0.00088803
                    119,                0.50931,                0.38729,                0.84185,                0.92154,                0.86771,                0.86815,                 0.6517,                0.67622,                 1.1518,                0.84769,             0.00088494,             0.00088494,             0.00088494
                    120,                0.52713,                0.38891,                0.85192,                0.89818,                0.85563,                0.82084,                0.59668,                0.73215,                 1.3893,                0.87504,             0.00088184,             0.00088184,             0.00088184
                    121,                0.53215,                0.41399,                0.87543,                0.89268,                0.86471,                0.81036,                0.64056,                0.66997,                 1.4423,                 0.8752,             0.00087875,             0.00087875,             0.00087875
                    122,                0.47324,                0.37218,                0.83698,                0.89622,                0.87428,                0.81884,                0.64376,                0.60976,                 1.3448,                0.84973,             0.00087566,             0.00087566,             0.00087566
                    123,                0.53759,                0.41004,                0.86749,                0.87533,                 0.8721,                0.81987,                0.64506,                0.59211,                  1.414,                0.86355,             0.00087256,             0.00087256,             0.00087256
                    124,                0.49964,                  0.384,                0.87852,                 0.8422,                0.86819,                0.81985,                0.64474,                0.63597,                 1.2615,                0.85999,             0.00086947,             0.00086947,             0.00086947
                    125,                 0.5398,                0.38492,                0.88235,                0.89212,                  0.875,                0.81126,                 0.6348,                0.65163,                 1.5771,                0.85897,             0.00086637,             0.00086637,             0.00086637
                    126,                0.56477,                0.39187,                0.85532,                0.90058,                  0.875,                0.84643,                0.67629,                0.57271,                 1.3389,                0.85836,             0.00086328,             0.00086328,             0.00086328
                    127,                0.49289,                0.36989,                0.86498,                0.92497,                  0.875,                0.87137,                0.69917,                0.59936,                 1.2329,                0.86878,             0.00086019,             0.00086019,             0.00086019
                    128,                0.53106,                0.39818,                0.86907,                0.88625,                0.86057,                0.87364,                0.68558,                0.63329,                 1.2001,                0.88281,             0.00085709,             0.00085709,             0.00085709
                    129,                0.53753,                0.38497,                0.87726,                0.85891,                0.86952,                 0.8626,                0.68584,                 0.6416,                 1.2329,                0.85779,               0.000854,               0.000854,               0.000854
                    130,                0.52776,                0.38587,                0.85107,                0.85039,                0.86771,                0.84842,                0.68548,                0.54939,                 1.4094,                0.85441,             0.00085091,             0.00085091,             0.00085091
                    131,                0.50574,                0.36579,                 0.8605,                0.86724,                0.85746,                0.87177,                0.74078,                0.52553,                 1.1642,                 0.8288,             0.00084781,             0.00084781,             0.00084781
                    132,                  0.506,                0.41279,                0.87387,                0.86125,                0.82973,                0.83399,                0.65553,                0.56127,                 1.4112,                 0.8542,             0.00084472,             0.00084472,             0.00084472
                    133,                0.51984,                0.38723,                0.87323,                0.86947,                0.85487,                0.82804,                0.68839,                0.56289,                 1.3639,                0.85029,             0.00084162,             0.00084162,             0.00084162
                    134,                0.55453,                0.39977,                0.88335,                0.91709,                  0.875,                0.86773,                0.70052,                0.57375,                 1.1294,                0.83154,             0.00083853,             0.00083853,             0.00083853
                    135,                0.49521,                0.36529,                0.87963,                 0.9163,                0.86509,                0.83833,                0.68056,                0.60172,                  1.369,                0.84496,             0.00083544,             0.00083544,             0.00083544
                    136,                 0.5534,                0.41512,                 0.8536,                0.89219,                0.87415,                0.82946,                 0.6657,                0.67977,                 1.5029,                0.86899,             0.00083234,             0.00083234,             0.00083234
                    137,                0.49108,                  0.438,                0.88681,                0.92575,                0.86947,                0.83801,                0.65408,                0.59278,                 1.3762,                 0.8482,             0.00082925,             0.00082925,             0.00082925
                    138,                0.54203,                0.40723,                0.87587,                 0.8784,                0.87274,                0.83696,                0.67639,                0.56999,                 1.3644,                0.83686,             0.00082616,             0.00082616,             0.00082616
                    139,                0.49755,                0.35747,                0.86019,                0.87621,                0.86892,                0.84296,                0.69284,                0.56811,                 1.4032,                0.84195,             0.00082306,             0.00082306,             0.00082306
                    140,                0.49067,                0.36568,                0.86314,                 0.8868,                0.87358,                0.87255,                0.67191,                0.58466,                 1.3373,                0.83797,             0.00081997,             0.00081997,             0.00081997
                    141,                 0.5364,                0.37378,                0.87036,                0.91345,                0.85576,                0.87277,                0.69642,                0.55759,                 1.3617,                0.84725,             0.00081688,             0.00081688,             0.00081688
                    142,                0.49513,                  0.359,                0.85568,                0.94335,                0.87477,                 0.8729,                 0.7106,                0.57996,                 1.2916,                0.85549,             0.00081378,             0.00081378,             0.00081378
                    143,                0.51908,                0.39166,                0.89577,                 0.8987,                  0.875,                0.85568,                0.67935,                0.61402,                 1.2998,                0.86907,             0.00081069,             0.00081069,             0.00081069
                    144,                0.52993,                 0.3961,                  0.887,                0.91771,                0.86195,                0.86901,                0.73562,                0.53002,                 1.0518,                0.85944,             0.00080759,             0.00080759,             0.00080759
                    145,                0.49376,                0.38001,                0.85386,                0.97089,                0.85229,                0.87637,                0.72844,                0.54978,                 1.1049,                0.86044,              0.0008045,              0.0008045,              0.0008045
                    146,                0.52036,                0.38009,                 0.8487,                0.89536,                  0.875,                0.86919,                0.72997,                0.56512,                 1.1606,                0.87894,             0.00080141,             0.00080141,             0.00080141
                    147,                0.50546,                0.35894,                0.86738,                0.93926,                0.82259,                0.86804,                0.69374,                0.61846,                 1.2217,                0.89796,             0.00079831,             0.00079831,             0.00079831
                    148,                0.53796,                0.38302,                0.87777,                0.93322,                  0.875,                 0.8684,                0.72582,                0.57192,                 1.2075,                0.86935,             0.00079522,             0.00079522,             0.00079522
                    149,                0.53653,                0.39345,                0.87945,                0.90177,                0.87487,                0.86472,                 0.7116,                 0.5611,                  1.224,                0.85228,             0.00079213,             0.00079213,             0.00079213
                    150,                 0.5009,                0.35031,                0.85195,                0.88569,                0.86934,                0.82285,                0.65942,                0.60069,                 1.1878,                0.85756,             0.00078903,             0.00078903,             0.00078903
                    151,                0.46642,                0.34755,                0.84233,                0.86085,                 0.8682,                0.82224,                0.65817,                 0.5575,                 1.1661,                0.85544,             0.00078594,             0.00078594,             0.00078594
                    152,                0.46939,                0.36118,                0.83857,                0.87979,                0.87202,                0.82285,                0.69441,                0.57333,                 1.1868,                0.86252,             0.00078284,             0.00078284,             0.00078284
                    153,                 0.5038,                0.35625,                0.85894,                0.88607,                0.87267,                0.83662,                0.70171,                0.57731,                 1.2009,                0.86323,             0.00077975,             0.00077975,             0.00077975
                    154,                0.47934,                0.35042,                0.85944,                0.92118,                0.83203,                0.87216,                0.70674,                0.58321,                 1.0567,                0.84035,             0.00077666,             0.00077666,             0.00077666
                    155,                0.44289,                0.33138,                 0.8402,                0.91285,                0.86592,                0.87182,                0.70929,                0.56336,                0.98131,                0.82992,             0.00077356,             0.00077356,             0.00077356
                    156,                0.49484,                0.35343,                0.85087,                 0.9369,                0.86778,                0.87209,                0.73245,                0.58133,                 1.0657,                0.83584,             0.00077047,             0.00077047,             0.00077047
                    157,                0.47987,                0.34638,                0.85711,                0.94293,                0.87188,                0.87241,                0.73386,                0.52067,                  1.126,                0.83546,             0.00076738,             0.00076738,             0.00076738
                    158,                0.49711,                0.34989,                0.86848,                0.94061,                0.87307,                0.87271,                0.69935,                 0.5299,                 1.1119,                0.84308,             0.00076428,             0.00076428,             0.00076428
                    159,                0.45976,                0.34374,                0.84958,                0.96893,                  0.875,                0.87311,                0.66628,                0.55234,                 1.1174,                0.82937,             0.00076119,             0.00076119,             0.00076119
                    160,                0.48404,                0.35479,                0.85017,                0.96407,                  0.875,                0.87472,                0.70278,                0.55741,                 1.1971,                 0.8445,             0.00075809,             0.00075809,             0.00075809
                    161,                0.50411,                0.35765,                0.84835,                0.96257,                  0.875,                0.87554,                0.70201,                0.54796,                 1.2709,                0.85038,               0.000755,               0.000755,               0.000755
                    162,                0.51676,                  0.375,                0.87211,                0.96733,                  0.875,                0.87607,                0.73163,                0.54551,                 1.1268,                0.83655,             0.00075191,             0.00075191,             0.00075191
                    163,                0.45295,                0.33078,                0.82803,                0.95509,                  0.875,                 0.8785,                0.72542,                 0.5424,                 1.0778,                0.82663,             0.00074881,             0.00074881,             0.00074881
                    164,                0.49568,                0.35812,                 0.8668,                0.92416,                0.86825,                0.88062,                0.70759,                0.59414,                 1.1927,                0.84812,             0.00074572,             0.00074572,             0.00074572
                    165,                0.46008,                0.34543,                0.85163,                0.90027,                0.86629,                0.87981,                0.71916,                0.57205,                 1.0872,                0.84551,             0.00074263,             0.00074263,             0.00074263
                    166,                0.48851,                0.34895,                0.84173,                0.88785,                0.86587,                0.88159,                0.71322,                0.59071,                 1.3014,                0.84752,             0.00073953,             0.00073953,             0.00073953
                    167,                0.44461,                0.34478,                0.85901,                 0.9163,                0.86346,                0.88275,                0.69027,                0.58929,                 1.1957,                0.84149,             0.00073644,             0.00073644,             0.00073644
                    168,                 0.4354,                0.33399,                0.86119,                0.96592,                  0.875,                0.87911,                0.69423,                0.55881,                   1.08,                0.83131,             0.00073334,             0.00073334,             0.00073334
                    169,                  0.445,                0.33471,                0.82736,                  0.964,                  0.875,                0.87708,                0.70478,                0.53757,                 1.0427,                0.82373,             0.00073025,             0.00073025,             0.00073025
                    170,                 0.4404,                0.34382,                0.85399,                0.95711,                0.87087,                0.87531,                0.71911,                0.54084,                 1.0333,                0.83124,             0.00072716,             0.00072716,             0.00072716
                    171,                0.47861,                0.33662,                0.85702,                0.96626,                  0.875,                0.87411,                0.72159,                 0.5497,                 1.0611,                0.82907,             0.00072406,             0.00072406,             0.00072406
                    172,                0.52578,                0.38559,                0.88327,                0.96825,                  0.875,                0.87304,                0.72136,                0.52598,                 1.0522,                0.83104,             0.00072097,             0.00072097,             0.00072097
                    173,                0.46463,                 0.3377,                0.85015,                0.96007,                  0.875,                 0.8729,                0.70489,                0.54305,                 0.9976,                0.83046,             0.00071788,             0.00071788,             0.00071788
                    174,                0.46499,                 0.3362,                0.87419,                0.96801,                  0.875,                0.87304,                0.70993,                0.55276,                 1.0147,                0.83337,             0.00071478,             0.00071478,             0.00071478
                    175,                0.49039,                0.35324,                 0.8692,                0.96736,                  0.875,                0.87354,                0.70931,                0.54457,                0.97212,                0.83121,             0.00071169,             0.00071169,             0.00071169
                    176,                0.43638,                0.32918,                0.85585,                0.95387,                  0.875,                0.87554,                0.71102,                0.54743,                0.91829,                0.82197,             0.00070859,             0.00070859,             0.00070859
                    177,                0.45341,                0.33169,                0.85844,                 0.9451,                  0.875,                0.87671,                0.71454,                0.56887,                0.97778,                0.82201,              0.0007055,              0.0007055,              0.0007055
                    178,                0.43924,                0.32612,                0.85097,                0.95714,                  0.875,                0.87671,                0.73193,                0.55137,                 1.0019,                0.82707,             0.00070241,             0.00070241,             0.00070241
                    179,                0.43517,                0.31765,                0.83593,                0.96668,                  0.875,                 0.8758,                0.71977,                0.55582,                 1.0721,                0.82629,             0.00069931,             0.00069931,             0.00069931
                    180,                0.45726,                0.33685,                0.86059,                0.90309,                  0.875,                0.81692,                0.66218,                0.63203,                 1.3707,                0.84741,             0.00069622,             0.00069622,             0.00069622
                    181,                0.47098,                 0.3543,                0.85672,                0.91595,                  0.875,                0.81844,                0.66493,                0.62875,                 1.3415,                0.84759,             0.00069313,             0.00069313,             0.00069313
                    182,                0.47123,                0.33373,                 0.8442,                0.91679,                  0.875,                0.81578,                0.68462,                0.55472,                 1.3113,                0.83579,             0.00069003,             0.00069003,             0.00069003
                    183,                0.49478,                0.34847,                0.85372,                0.91675,                  0.875,                0.81452,                0.69046,                0.57656,                  1.371,                0.84611,             0.00068694,             0.00068694,             0.00068694
                    184,                0.50839,                0.38218,                0.87502,                 0.8841,                  0.875,                0.81388,                0.67514,                0.67766,                 1.5284,                 0.8611,             0.00068384,             0.00068384,             0.00068384
                    185,                0.46368,                0.36451,                 0.8311,                0.91053,                  0.875,                0.83056,                0.69356,                0.59659,                 1.3449,                0.84161,             0.00068075,             0.00068075,             0.00068075
                    186,                0.45683,                0.34226,                0.85719,                0.92253,                  0.875,                0.83006,                0.66554,                0.67965,                  1.361,                0.85607,             0.00067766,             0.00067766,             0.00067766
                    187,                0.45782,                0.32407,                0.86125,                0.91869,                  0.875,                0.83184,                0.68221,                0.70505,                 1.5969,                0.87409,             0.00067456,             0.00067456,             0.00067456
                    188,                0.46115,                0.33449,                0.83676,                0.91569,                  0.875,                0.83977,                0.69927,                0.60911,                 1.4317,                0.85323,             0.00067147,             0.00067147,             0.00067147
                    189,                0.45084,                 0.3287,                0.85187,                0.91292,                  0.875,                0.85687,                0.68326,                0.62302,                 1.4709,                0.85512,             0.00066838,             0.00066838,             0.00066838
                    190,                0.46373,                0.32768,                0.84815,                0.91139,                  0.875,                0.86191,                0.70227,                0.59148,                 1.4882,                0.85548,             0.00066528,             0.00066528,             0.00066528
                    191,                0.45612,                0.34825,                0.88055,                0.91498,                  0.875,                0.85949,                0.69968,                0.58169,                 1.4143,                0.85739,             0.00066219,             0.00066219,             0.00066219
                    192,                0.45071,                0.33839,                0.84395,                0.92041,                  0.875,                0.87153,                0.75632,                0.53702,                 1.1688,                0.83325,             0.00065909,             0.00065909,             0.00065909
                    193,                0.46651,                 0.3773,                0.85515,                0.91204,                  0.875,                0.86885,                0.72711,                0.54211,                 1.0273,                0.82404,               0.000656,               0.000656,               0.000656
                    194,                0.42878,                0.33531,                0.86343,                0.85473,                0.86823,                0.84508,                0.68901,                0.55413,                 1.2319,                0.83812,             0.00065291,             0.00065291,             0.00065291
                    195,                0.44251,                0.33512,                 0.8388,                0.83852,                0.86637,                0.84155,                0.67791,                0.59396,                 1.2703,                0.85761,             0.00064981,             0.00064981,             0.00064981
                    196,                0.42634,                0.34286,                0.84519,                0.88439,                  0.875,                0.81253,                0.67705,                0.54272,                 1.2958,                0.83371,             0.00064672,             0.00064672,             0.00064672
                    197,                0.46065,                0.31783,                0.85019,                0.89886,                  0.875,                0.83791,                0.69951,                0.55062,                    1.2,                0.84087,             0.00064362,             0.00064362,             0.00064362
                    198,                 0.4737,                0.34036,                 0.8302,                0.90126,                  0.875,                0.86747,                0.70353,                0.57909,                 1.2302,                0.84771,             0.00064053,             0.00064053,             0.00064053
                    199,                0.47985,                0.35195,                0.87745,                0.92279,                  0.875,                 0.8729,                0.71614,                0.58217,                 1.3099,                0.83993,             0.00063744,             0.00063744,             0.00063744
                    200,                0.47212,                0.34153,                0.87507,                0.92126,                0.85476,                0.87364,                0.73472,                0.54859,                 1.2864,                0.83539,             0.00063434,             0.00063434,             0.00063434
                    201,                0.45853,                0.33822,                0.85742,                0.90811,                  0.875,                0.86868,                0.74507,                  0.545,                 1.1838,                0.82815,             0.00063125,             0.00063125,             0.00063125
                    202,                0.43885,                0.32513,                0.84473,                0.90611,                  0.875,                0.87637,                0.73446,                0.54822,                 1.1536,                0.82276,             0.00062816,             0.00062816,             0.00062816
                    203,                0.41921,                0.29969,                 0.8466,                0.93483,                0.87021,                0.85986,                0.72731,                0.55694,                 1.0923,                0.82302,             0.00062506,             0.00062506,             0.00062506
                    204,                0.42667,                0.30896,                0.86228,                 0.9117,                0.85764,                0.87339,                0.70811,                0.58284,                 1.1438,                0.82952,             0.00062197,             0.00062197,             0.00062197
                    205,                0.42713,                0.30768,                 0.8406,                0.91553,                  0.875,                0.87409,                0.72595,                 0.5422,                 1.2076,                0.83009,             0.00061887,             0.00061887,             0.00061887
                    206,                0.43305,                0.31364,                0.85962,                0.93427,                  0.875,                0.85016,                0.70037,                0.54714,                 1.2396,                0.83437,             0.00061578,             0.00061578,             0.00061578
                    207,                0.44332,                 0.3122,                0.85767,                0.90691,                  0.875,                0.84483,                0.70118,                0.52427,                 1.2192,                0.83478,             0.00061269,             0.00061269,             0.00061269
                    208,                0.42957,                0.31016,                0.84374,                0.90474,                  0.875,                0.85452,                0.68323,                0.56189,                 1.2552,                0.84306,             0.00060959,             0.00060959,             0.00060959
                    209,                0.46161,                0.34344,                0.86011,                0.93207,                0.86414,                0.85195,                0.67589,                0.61303,                  1.232,                0.84247,              0.0006065,              0.0006065,              0.0006065
                    210,                0.43805,                0.31509,                0.87853,                0.92799,                0.85802,                0.86408,                0.70682,                0.57526,                 1.0812,                 0.8343,             0.00060341,             0.00060341,             0.00060341
                    211,                0.43885,                0.30362,                0.85351,                0.94729,                  0.875,                0.86165,                0.72122,                0.54562,                 1.0864,                0.83629,             0.00060031,             0.00060031,             0.00060031
                    212,                0.46299,                0.32054,                0.82677,                 0.9487,                  0.875,                0.85956,                0.67757,                0.58933,                 1.0128,                0.83062,             0.00059722,             0.00059722,             0.00059722
                    213,                0.46596,                0.32202,                0.84025,                0.93198,                  0.875,                0.86269,                 0.6911,                0.56221,                0.95555,                0.82846,             0.00059413,             0.00059413,             0.00059413
                    214,                0.42715,                0.30991,                0.84109,                0.92912,                  0.875,                0.87297,                0.73113,                0.57219,                 1.0178,                  0.832,             0.00059103,             0.00059103,             0.00059103
                    215,                0.40255,                0.30041,                0.84362,                0.93037,                  0.875,                0.87336,                0.71386,                0.58912,                 1.0477,                0.83126,             0.00058794,             0.00058794,             0.00058794
                    216,                0.43328,                0.31315,                0.82934,                0.92729,                  0.875,                0.86022,                0.73548,                0.52697,                 1.1392,                0.82175,             0.00058484,             0.00058484,             0.00058484
                    217,                0.44334,                 0.3202,                0.86356,                0.93323,                  0.875,                0.85768,                0.71923,                0.54199,                  1.297,                0.82301,             0.00058175,             0.00058175,             0.00058175
                    218,                0.39751,                0.29848,                0.85925,                0.93893,                  0.875,                0.85949,                0.71099,                0.57478,                 1.3897,                0.82791,             0.00057866,             0.00057866,             0.00057866
                    219,                0.40387,                0.29173,                  0.829,                0.93915,                  0.875,                0.86592,                0.71888,                0.55398,                 1.4089,                0.82936,             0.00057556,             0.00057556,             0.00057556
                    220,                0.42287,                0.30559,                0.84677,                0.93694,                  0.875,                0.86188,                0.71762,                0.54548,                 1.3607,                0.83404,             0.00057247,             0.00057247,             0.00057247
                    221,                0.40242,                0.29212,                0.84078,                0.93729,                  0.875,                0.86188,                0.72483,                 0.5665,                  1.409,                0.84066,             0.00056938,             0.00056938,             0.00056938
                    222,                 0.4244,                0.30161,                0.84188,                0.93494,                  0.875,                0.85827,                0.70598,                0.59273,                 1.3493,                0.83744,             0.00056628,             0.00056628,             0.00056628
                    223,                0.38723,                0.28486,                0.84214,                0.92992,                  0.875,                0.85564,                0.68964,                0.57268,                 1.4602,                 0.8357,             0.00056319,             0.00056319,             0.00056319
                    224,                0.41818,                0.31409,                0.84206,                0.92673,                  0.875,                0.88104,                0.71842,                0.58197,                 1.3217,                0.82658,             0.00056009,             0.00056009,             0.00056009
                    225,                0.43622,                 0.3115,                0.85884,                 0.9521,                  0.875,                0.91653,                0.73136,                0.58968,                 1.2133,                0.82492,               0.000557,               0.000557,               0.000557
                    226,                0.44681,                0.31712,                0.82984,                0.95555,                  0.875,                0.91986,                0.73739,                 0.5866,                 1.2375,                0.82591,             0.00055391,             0.00055391,             0.00055391
                    227,                0.45225,                0.32651,                 0.8321,                0.93926,                  0.875,                0.88161,                0.71892,                0.56964,                0.99489,                0.81963,             0.00055081,             0.00055081,             0.00055081
                    228,                0.45778,                0.34416,                0.84334,                0.94487,                  0.875,                0.87794,                0.72848,                0.57705,                0.92526,                0.81982,             0.00054772,             0.00054772,             0.00054772
                    229,                0.41062,                0.29927,                 0.8434,                0.94295,                  0.875,                0.88083,                0.73679,                0.56886,                0.95629,                0.82485,             0.00054463,             0.00054463,             0.00054463
                    230,                0.47409,                0.31831,                0.85164,                0.94136,                  0.875,                0.88159,                0.73241,                0.56325,                 1.0136,                0.82947,             0.00054153,             0.00054153,             0.00054153
                    231,                0.40967,                0.29277,                0.84089,                0.96102,                  0.875,                0.88275,                0.74604,                0.56327,                 1.0002,                0.83018,             0.00053844,             0.00053844,             0.00053844
                    232,                0.42216,                0.30619,                0.83353,                0.97455,                  0.875,                0.88275,                 0.7164,                0.56163,                 1.1158,                0.83281,             0.00053534,             0.00053534,             0.00053534
                    233,                0.47897,                0.34376,                0.83328,                 0.9727,                  0.875,                0.88275,                0.71565,                0.56418,                 1.2062,                  0.842,             0.00053225,             0.00053225,             0.00053225
                    234,                0.37297,                0.27477,                0.83786,                0.97115,                  0.875,                 0.8785,                0.72084,                0.57544,                 1.2648,                0.84934,             0.00052916,             0.00052916,             0.00052916
                    235,                0.41005,                0.30343,                0.83337,                0.96144,                  0.875,                0.87797,                0.67906,                0.59576,                 1.2346,                0.85084,             0.00052606,             0.00052606,             0.00052606
                    236,                0.38717,                0.29503,                 0.8307,                0.95808,                  0.875,                0.87708,                0.67928,                0.59137,                 1.1814,                0.85118,             0.00052297,             0.00052297,             0.00052297
                    237,                0.42789,                0.31769,                0.83716,                0.96033,                  0.875,                 0.8775,                 0.6935,                0.56094,                  1.236,                0.83927,             0.00051988,             0.00051988,             0.00051988
                    238,                0.44038,                0.29643,                0.84603,                0.94397,                  0.875,                0.87797,                0.70308,                0.56905,                 1.1964,                0.83001,             0.00051678,             0.00051678,             0.00051678
                    239,                0.42243,                0.31474,                0.86902,                0.92496,                  0.875,                0.86028,                0.66812,                0.55296,                 1.2052,                0.83784,             0.00051369,             0.00051369,             0.00051369
                    240,                0.37773,                 0.3039,                0.80905,                0.92298,                  0.875,                0.85225,                0.68266,                0.56337,                  1.313,                0.84902,             0.00051059,             0.00051059,             0.00051059
                    241,                0.42241,                0.31168,                0.85833,                0.92393,                  0.875,                0.85997,                0.72778,                 0.5529,                 1.3952,                0.85538,              0.0005075,              0.0005075,              0.0005075
                    242,                0.40724,                0.29361,                0.85091,                0.92481,                  0.875,                 0.8625,                 0.6613,                0.55721,                 1.4638,                0.85658,             0.00050441,             0.00050441,             0.00050441
                    243,                0.39854,                0.28383,                 0.8251,                0.92024,                  0.875,                0.86658,                0.71396,                0.53462,                 1.3839,                0.84866,             0.00050131,             0.00050131,             0.00050131
                    244,                0.38803,                 0.3001,                0.83387,                0.91243,                  0.875,                0.86658,                0.72504,                0.55917,                 1.2939,                0.84411,             0.00049822,             0.00049822,             0.00049822
                    245,                0.39833,                0.28336,                0.83099,                0.90409,                  0.875,                0.86025,                0.71562,                0.55171,                 1.2969,                 0.8422,             0.00049513,             0.00049513,             0.00049513
                    246,                0.40212,                0.29768,                0.85695,                0.90469,                  0.875,                0.85317,                0.70593,                0.53326,                 1.1748,                0.82709,             0.00049203,             0.00049203,             0.00049203
                    247,                0.44083,                0.30491,                0.83194,                0.91008,                  0.875,                0.85171,                0.71163,                0.56501,                 1.0884,                0.82637,             0.00048894,             0.00048894,             0.00048894
                    248,                0.36241,                 0.2781,                0.83204,                0.91436,                  0.875,                0.85491,                0.68792,                0.58086,                 1.0795,                0.83265,             0.00048584,             0.00048584,             0.00048584
                    249,                0.41374,                0.29758,                0.82843,                0.91864,                  0.875,                0.85409,                0.69681,                0.57748,                 1.0855,                0.83667,             0.00048275,             0.00048275,             0.00048275
                    250,                0.40985,                0.28668,                0.83743,                0.92628,                  0.875,                0.85409,                0.69294,                0.56817,                 1.1539,                0.83531,             0.00047966,             0.00047966,             0.00047966
                    251,                0.41229,                0.28579,                0.84603,                0.92199,                  0.875,                0.85588,                0.68732,                0.56637,                 1.1428,                0.83426,             0.00047656,             0.00047656,             0.00047656
                    252,                0.43512,                 0.3134,                0.82771,                0.90502,                  0.875,                0.85409,                0.69152,                 0.5946,                 1.1657,                0.83455,             0.00047347,             0.00047347,             0.00047347
                    253,                0.36038,                0.27419,                0.82743,                0.88829,                0.87229,                0.85179,                0.66517,                0.59814,                 1.1728,                0.83584,             0.00047038,             0.00047038,             0.00047038
                    254,                0.37776,                0.28482,                0.82976,                 0.8881,                 0.8725,                0.86028,                0.68185,                0.58588,                 1.2005,                 0.8374,             0.00046728,             0.00046728,             0.00046728
                    255,                0.44092,                0.30381,                0.84971,                0.90652,                  0.875,                0.86722,                0.70781,                0.56966,                 1.1656,                0.83317,             0.00046419,             0.00046419,             0.00046419
                    256,                 0.4002,                0.29941,                0.84556,                0.92789,                  0.875,                0.86769,                0.68773,                0.54735,                  1.268,                0.83418,             0.00046109,             0.00046109,             0.00046109
                    257,                0.45918,                 0.3149,                0.84085,                0.92599,                  0.875,                0.86822,                0.70051,                0.54072,                 1.2391,                0.84126,               0.000458,               0.000458,               0.000458
                    258,                0.40221,                0.30507,                0.83561,                0.92374,                  0.875,                0.85768,                0.69089,                0.56566,                 1.2341,                0.84558,             0.00045491,             0.00045491,             0.00045491
                    259,                0.41133,                0.28342,                0.82296,                0.92377,                  0.875,                0.86302,                0.72195,                0.56582,                  1.239,                0.83781,             0.00045181,             0.00045181,             0.00045181
                    260,                 0.3776,                0.26531,                0.83562,                0.92459,                  0.875,                0.86975,                0.70043,                0.53719,                 1.2158,                 0.8305,             0.00044872,             0.00044872,             0.00044872
                    261,                0.37927,                0.26783,                0.83355,                0.92371,                  0.875,                0.86481,                 0.7084,                0.53589,                 1.2397,                0.83267,             0.00044563,             0.00044563,             0.00044563
                    262,                0.38931,                0.27814,                 0.8329,                0.92532,                  0.875,                0.86132,                0.69224,                0.58269,                  1.288,                0.83162,             0.00044253,             0.00044253,             0.00044253
                    263,                0.38749,                0.28874,                0.82603,                 0.9275,                  0.875,                0.87588,                 0.7044,                0.59895,                  1.296,                 0.8296,             0.00043944,             0.00043944,             0.00043944
                    264,                0.38043,                0.27368,                0.82363,                0.92772,                  0.875,                0.86915,                0.72091,                0.57006,                 1.2302,                0.82799,             0.00043634,             0.00043634,             0.00043634
                    265,                0.36357,                0.26625,                 0.8201,                0.92648,                  0.875,                0.86596,                0.68825,                0.58589,                 1.1843,                0.82364,             0.00043325,             0.00043325,             0.00043325
                    266,                0.40348,                0.28842,                0.83743,                0.92264,                  0.875,                0.86118,                0.70857,                0.58736,                 1.1629,                0.82688,             0.00043016,             0.00043016,             0.00043016
                    267,                0.37296,                 0.2692,                0.83011,                0.92143,                  0.875,                0.85179,                0.71265,                0.57091,                 1.2141,                 0.8281,             0.00042706,             0.00042706,             0.00042706
                    268,                0.41805,                0.28375,                0.82243,                0.92352,                  0.875,                0.85225,                0.71935,                0.56805,                 1.1204,                 0.8204,             0.00042397,             0.00042397,             0.00042397
                    269,                0.34811,                0.26206,                0.85217,                 0.9269,                  0.875,                0.85225,                0.72612,                0.56642,                 1.1237,                0.82365,             0.00042087,             0.00042087,             0.00042087
                    270,                0.39126,                0.26981,                0.84441,                 0.9378,                  0.875,                0.87368,                0.72095,                0.56655,                 1.1406,                0.82491,             0.00041778,             0.00041778,             0.00041778
                    271,                0.36886,                0.26886,                 0.8185,                0.93856,                  0.875,                0.87368,                0.73726,                 0.5743,                 1.1841,                0.82414,             0.00041469,             0.00041469,             0.00041469
                    272,                0.36676,                 0.2666,                0.82186,                0.92975,                  0.875,                0.86872,                0.73428,                0.57439,                  1.067,                0.81731,             0.00041159,             0.00041159,             0.00041159
                    273,                0.37565,                0.28066,                0.83688,                0.92721,                  0.875,                0.86872,                0.73053,                0.55077,                 1.2632,                0.81873,              0.0004085,              0.0004085,              0.0004085
                    274,                0.36805,                 0.2661,                0.81303,                0.92397,                  0.875,                0.86553,                0.70413,                0.52081,                 1.3395,                0.81952,             0.00040541,             0.00040541,             0.00040541
                    275,                0.38724,                0.27453,                 0.8369,                0.91484,                  0.875,                0.86769,                0.70453,                0.51455,                 1.2227,                0.82236,             0.00040231,             0.00040231,             0.00040231
                    276,                0.35069,                0.26668,                0.81523,                0.91385,                  0.875,                0.87056,                0.72519,                0.53353,                 1.2773,                0.82791,             0.00039922,             0.00039922,             0.00039922
                    277,                 0.3931,                0.26528,                0.81016,                0.93468,                  0.875,                0.87102,                0.71878,                0.57592,                 1.1916,                0.82744,             0.00039613,             0.00039613,             0.00039613
                    278,                0.40668,                0.29237,                0.83229,                0.93868,                  0.875,                0.87102,                0.71402,                0.58308,                 1.1993,                0.83107,             0.00039303,             0.00039303,             0.00039303
                    279,                0.39185,                0.27354,                0.83658,                 0.9352,                  0.875,                0.86977,                0.70745,                0.59181,                 1.1443,                0.83274,             0.00038994,             0.00038994,             0.00038994
                    280,                 0.3898,                0.27805,                0.83188,                0.93289,                  0.875,                0.86913,                0.73651,                0.53043,                 1.0974,                0.82836,             0.00038684,             0.00038684,             0.00038684
                    281,                0.40716,                0.28321,                0.83449,                0.93442,                  0.875,                0.86943,                0.73784,                0.55278,                 1.0441,                0.82695,             0.00038375,             0.00038375,             0.00038375
                    282,                0.38571,                0.27334,                0.79887,                0.93434,                  0.875,                0.87014,                0.71738,                0.56769,                 1.0641,                0.82531,             0.00038066,             0.00038066,             0.00038066
                    283,                0.38267,                0.26641,                0.83407,                0.92837,                  0.875,                0.87102,                 0.7083,                   0.53,                 1.1198,                0.82447,             0.00037756,             0.00037756,             0.00037756
                    284,                 0.3768,                 0.2564,                0.81779,                0.93091,                  0.875,                0.88417,                 0.6988,                0.54108,                 1.0926,                 0.8255,             0.00037447,             0.00037447,             0.00037447
                    285,                0.32493,                0.24787,                0.81727,                0.95252,                0.86471,                0.88821,                0.73584,                0.53961,                 1.1654,                0.82292,             0.00037138,             0.00037138,             0.00037138
                    286,                0.36231,                0.26759,                0.81993,                0.95228,                0.85289,                 0.8955,                0.75123,                0.52646,                 1.2265,                 0.8213,             0.00036828,             0.00036828,             0.00036828
                    287,                0.38984,                0.27335,                0.84391,                0.94996,                0.84887,                0.90187,                0.74377,                 0.5197,                 1.2346,                0.82545,             0.00036519,             0.00036519,             0.00036519
                    288,                0.37418,                0.25299,                0.82878,                 0.9413,                0.86259,                0.90187,                0.73986,                0.54987,                 1.3582,                0.83464,             0.00036209,             0.00036209,             0.00036209
                    289,                0.38127,                0.26609,                0.85787,                0.89912,                  0.875,                 0.8955,                0.72244,                0.56592,                 1.3505,                0.83771,               0.000359,               0.000359,               0.000359
                    290,                0.36164,                0.26157,                0.83375,                0.90694,                  0.875,                0.90187,                0.74865,                0.56017,                  1.338,                0.83485,             0.00035591,             0.00035591,             0.00035591
                    291,                 0.3879,                0.27151,                0.83006,                 0.9199,                  0.875,                0.90187,                0.74769,                0.57944,                 1.3443,                0.84002,             0.00035281,             0.00035281,             0.00035281
                    292,                0.38654,                0.28164,                0.84104,                0.95198,                  0.875,                 0.8955,                0.74718,                0.54776,                 1.3536,                0.83087,             0.00034972,             0.00034972,             0.00034972
